{
  "mobilenet_v2": {
    "0_1": {
      "model_path": "ovo_ensemble_results_v2/models/best_mobilenet_v2_0_1.pth",
      "file_size_mb": 34.11709785461426,
      "status": "loaded",
      "format": "comprehensive",
      "epoch": 12,
      "best_val_accuracy": 92.25729600952948,
      "current_val_accuracy": 92.25729600952948,
      "current_train_accuracy": 92.1234631147541,
      "class_pair": [
        0,
        1
      ],
      "model_name": "mobilenet_v2",
      "has_training_history": true,
      "training_summary": {
        "total_epochs": 12,
        "final_train_acc": 92.1234631147541,
        "final_val_acc": 92.25729600952948,
        "max_val_acc": 92.25729600952948,
        "min_train_loss": 0.2113546550762458,
        "min_val_loss": 0.2091564168887479
      }
    },
    "0_2": {
      "model_path": "ovo_ensemble_results_v2/models/best_mobilenet_v2_0_2.pth",
      "file_size_mb": 34.11776924133301,
      "status": "loaded",
      "format": "comprehensive",
      "epoch": 27,
      "best_val_accuracy": 91.10915492957747,
      "current_val_accuracy": 91.10915492957747,
      "current_train_accuracy": 96.05113636363636,
      "class_pair": [
        0,
        2
      ],
      "model_name": "mobilenet_v2",
      "has_training_history": true,
      "training_summary": {
        "total_epochs": 27,
        "final_train_acc": 96.05113636363636,
        "final_val_acc": 91.10915492957747,
        "max_val_acc": 91.10915492957747,
        "min_train_loss": 0.0995549966778719,
        "min_val_loss": 0.235146784534057
      }
    },
    "0_3": {
      "model_path": "ovo_ensemble_results_v2/models/best_mobilenet_v2_0_3.pth",
      "file_size_mb": 34.11728096008301,
      "status": "loaded",
      "format": "comprehensive",
      "epoch": 16,
      "best_val_accuracy": 99.64264443120905,
      "current_val_accuracy": 99.64264443120905,
      "current_train_accuracy": 99.66700819672131,
      "class_pair": [
        0,
        3
      ],
      "model_name": "mobilenet_v2",
      "has_training_history": true,
      "training_summary": {
        "total_epochs": 16,
        "final_train_acc": 99.66700819672131,
        "final_val_acc": 99.64264443120905,
        "max_val_acc": 99.64264443120905,
        "min_train_loss": 0.016398450166948873,
        "min_val_loss": 0.015848043944645594
      }
    },
    "0_4": {
      "model_path": "ovo_ensemble_results_v2/models/best_mobilenet_v2_0_4.pth",
      "file_size_mb": 34.11740303039551,
      "status": "loaded",
      "format": "comprehensive",
      "epoch": 18,
      "best_val_accuracy": 99.16617033948779,
      "current_val_accuracy": 99.16617033948779,
      "current_train_accuracy": 99.37243852459017,
      "class_pair": [
        0,
        4
      ],
      "model_name": "mobilenet_v2",
      "has_training_history": true,
      "training_summary": {
        "total_epochs": 18,
        "final_train_acc": 99.37243852459017,
        "final_val_acc": 99.16617033948779,
        "max_val_acc": 99.16617033948779,
        "min_train_loss": 0.026794849057132225,
        "min_val_loss": 0.052368945109524896
      }
    },
    "1_2": {
      "model_path": "ovo_ensemble_results_v2/models/best_mobilenet_v2_1_2.pth",
      "file_size_mb": 34.11789131164551,
      "status": "loaded",
      "format": "comprehensive",
      "epoch": 30,
      "best_val_accuracy": 84.55079764903442,
      "current_val_accuracy": 84.55079764903442,
      "current_train_accuracy": 89.93459302325581,
      "class_pair": [
        1,
        2
      ],
      "model_name": "mobilenet_v2",
      "has_training_history": true,
      "training_summary": {
        "total_epochs": 30,
        "final_train_acc": 89.93459302325581,
        "final_val_acc": 84.55079764903442,
        "max_val_acc": 84.55079764903442,
        "min_train_loss": 0.22571457108092863,
        "min_val_loss": 0.3353733390569687
      }
    },
    "1_3": {
      "model_path": "ovo_ensemble_results_v2/models/best_mobilenet_v2_1_3.pth",
      "file_size_mb": 34.11776924133301,
      "status": "loaded",
      "format": "comprehensive",
      "epoch": 27,
      "best_val_accuracy": 90.3010033444816,
      "current_val_accuracy": 90.3010033444816,
      "current_train_accuracy": 96.43895348837209,
      "class_pair": [
        1,
        3
      ],
      "model_name": "mobilenet_v2",
      "has_training_history": true,
      "training_summary": {
        "total_epochs": 27,
        "final_train_acc": 96.43895348837209,
        "final_val_acc": 90.3010033444816,
        "max_val_acc": 90.3010033444816,
        "min_train_loss": 0.09208429336201313,
        "min_val_loss": 0.2696119412779808
      }
    },
    "1_4": {
      "model_path": "ovo_ensemble_results_v2/models/best_mobilenet_v2_1_4.pth",
      "file_size_mb": 34.11740303039551,
      "status": "loaded",
      "format": "comprehensive",
      "epoch": 19,
      "best_val_accuracy": 91.1371237458194,
      "current_val_accuracy": 91.1371237458194,
      "current_train_accuracy": 94.98546511627907,
      "class_pair": [
        1,
        4
      ],
      "model_name": "mobilenet_v2",
      "has_training_history": true,
      "training_summary": {
        "total_epochs": 19,
        "final_train_acc": 94.98546511627907,
        "final_val_acc": 91.1371237458194,
        "max_val_acc": 91.1371237458194,
        "min_train_loss": 0.12871066238297973,
        "min_val_loss": 0.26562494337558745
      }
    },
    "2_3": {
      "model_path": "ovo_ensemble_results_v2/models/best_mobilenet_v2_2_3.pth",
      "file_size_mb": 34.11728096008301,
      "status": "loaded",
      "format": "comprehensive",
      "epoch": 16,
      "best_val_accuracy": 95.04617968094038,
      "current_val_accuracy": 95.04617968094038,
      "current_train_accuracy": 95.27616279069767,
      "class_pair": [
        2,
        3
      ],
      "model_name": "mobilenet_v2",
      "has_training_history": true,
      "training_summary": {
        "total_epochs": 16,
        "final_train_acc": 95.27616279069767,
        "final_val_acc": 95.04617968094038,
        "max_val_acc": 95.04617968094038,
        "min_train_loss": 0.12810234339951082,
        "min_val_loss": 0.14212500620633364
      }
    },
    "2_4": {
      "model_path": "ovo_ensemble_results_v2/models/best_mobilenet_v2_2_4.pth",
      "file_size_mb": 34.11703681945801,
      "status": "loaded",
      "format": "comprehensive",
      "epoch": 10,
      "best_val_accuracy": 93.28295549958018,
      "current_val_accuracy": 93.28295549958018,
      "current_train_accuracy": 92.64171511627907,
      "class_pair": [
        2,
        4
      ],
      "model_name": "mobilenet_v2",
      "has_training_history": true,
      "training_summary": {
        "total_epochs": 10,
        "final_train_acc": 92.64171511627907,
        "final_val_acc": 93.28295549958018,
        "max_val_acc": 93.28295549958018,
        "min_train_loss": 0.20372671781237736,
        "min_val_loss": 0.2473826751112938
      }
    },
    "3_4": {
      "model_path": "ovo_ensemble_results_v2/models/best_mobilenet_v2_3_4.pth",
      "file_size_mb": 34.11776924133301,
      "status": "loaded",
      "format": "comprehensive",
      "epoch": 27,
      "best_val_accuracy": 82.10702341137124,
      "current_val_accuracy": 82.10702341137124,
      "current_train_accuracy": 91.38808139534883,
      "class_pair": [
        3,
        4
      ],
      "model_name": "mobilenet_v2",
      "has_training_history": true,
      "training_summary": {
        "total_epochs": 27,
        "final_train_acc": 91.38808139534883,
        "final_val_acc": 82.10702341137124,
        "max_val_acc": 82.10702341137124,
        "min_train_loss": 0.2198532705390176,
        "min_val_loss": 0.48159424364566805
      }
    }
  },
  "inception_v3": {
    "0_1": {
      "model_path": "ovo_ensemble_results_v2/models/best_inception_v3_0_1.pth",
      "file_size_mb": 275.38492584228516,
      "status": "loaded",
      "format": "comprehensive",