{
  "best_val_accuracy": 0.8306010928961749,
  "test_accuracy": 0.8169398907103825,
  "target_achieved": false,
  "medical_grade_pass": false,
  "confusion_matrix": [
    [
      177,
      3,
      0,
      0,
      0
    ],
    [
      2,
      22,
      13,
      0,
      0
    ],
    [
      5,
      6,
      83,
      5,
      1
    ],
    [
      0,
      0,
      6,
      9,
      4
    ],
    [
      0,
      1,
      16,
      5,
      8
    ]
  ],
  "model_name": "mobilenet_v2",
  "target_accuracy": 0.9
}