{
  "best_val_accuracy": 0.8729156139464377,
  "test_accuracy": 0.8944148936170213,
  "target_achieved": false,
  "medical_grade_pass": false,
  "confusion_matrix": [
    [
      2507,
      0,
      74,
      0,
      0
    ],
    [
      0,
      230,
      0,
      8,
      12
    ],
    [
      191,
      1,
      333,
      3,
      1
    ],
    [
      2,
      7,
      0,
      168,
      23
    ],
    [
      0,
      17,
      0,
      58,
      125
    ]
  ],
  "model_name": "efficientnetb2",
  "target_accuracy": 0.92
}