{
  "training_results": {
    "mobilenet_v2": {},
    "inception_v3": {
      "pair_3_4": {
        "best_accuracy": 81.27090301003345
      }
    },
    "densenet121": {
      "pair_0_1": {
        "best_accuracy": 91.95949970220369
      },
      "pair_0_2": {
        "best_accuracy": 91.32922535211267
      },
      "pair_0_3": {
        "best_accuracy": 99.76176295413937
      },
      "pair_0_4": {
        "best_accuracy": 99.2852888624181
      },
      "pair_1_2": {
        "best_accuracy": 85.22250209907641
      },
      "pair_1_3": {
        "best_accuracy": 91.30434782608695
      },
      "pair_1_4": {
        "best_accuracy": 92.3076923076923
      },
      "pair_2_3": {
        "best_accuracy": 95.29806884970613
      },
      "pair_2_4": {
        "best_accuracy": 94.96221662468514
      },
      "pair_3_4": {
        "best_accuracy": 84.44816053511705
      }
    }
  },
  "evaluation_results": {
    "ensemble_accuracy": 0.8094488188976378,
    "individual_accuracies": {
      "mobilenet_v2": 0.7795275590551181,
      "inception_v3": 0.768503937007874,
      "densenet121": 0.8056692913385827
    },
    "medical_grade_pass": false,
    "research_target_achieved": false,
    "classification_report": "              precision    recall  f1-score   support\n\n     Class_0       0.87      0.96      0.91      1381\n     Class_1       0.75      0.45      0.57       300\n     Class_2       0.75      0.82      0.79       893\n     Class_3       0.77      0.68      0.72       300\n     Class_4       0.75      0.59      0.66       301\n\n    accuracy                           0.81      3175\n   macro avg       0.78      0.70      0.73      3175\nweighted avg       0.80      0.81      0.80      3175\n",
    "confusion_matrix": [
      [
        1321,
        6,
        53,
        0,
        1
      ],
      [
        81,
        136,
        69,
        8,
        6
      ],
      [
        118,
        12,
        733,
        13,
        17
      ],
      [
        0,
        15,
        48,
        203,
        34
      ],
      [
        3,
        12,
        68,
        41,
        177
      ]
    ]
  },
  "dataset_info": {
    "class_counts": {
      "train": [
        6440,
        1401,
        4163,
        1401,
        1400
      ],
      "val": [
        1380,
        299,
        892,
        299,
        299
      ],
      "test": [
        1381,
        300,
        893,
        300,
        301
      ]
    },
    "num_classes": 5
  },
  "config": {
    "data": {
      "dataset_path": "./dataset6",
      "num_classes": 5,
      "img_size": 299,
      "batch_size": 4,
      "enable_clahe": false,
      "clahe_clip_limit": 3.0,
      "clahe_tile_grid_size": [
        8,
        8
      ]
    },
    "model": {
      "base_models": [
        "mobilenet_v2",
        "inception_v3",
        "densenet121"
      ],
      "freeze_weights": false,
      "dropout": 0.3,
      "num_classes": 5
    },
    "training": {
      "epochs": 30,
      "learning_rate": 0.0001,
      "weight_decay": 0.0001,
      "patience": 15,
      "enable_focal_loss": false,
      "enable_class_weights": false,
      "resume": true
    },
    "paths": {
      "output_dir": "./ovo_ensemble_results_v2"
    },
    "system": {
      "device": "cuda",
      "seed": 42,
      "output_dir": "./ovo_ensemble_results_v2",
      "experiment_name": "improved_ovo_ensemble",
      "target_accuracy": 0.9696,
      "use_wandb": true
    }
  }
}