{
  "best_strategy": "original",
  "best_accuracy": 0.8094488188976378,
  "medical_grade_achieved": false,
  "improvement_from_current": -0.0044511811023622005,
  "all_strategies": {
    "original": {
      "accuracy": 0.8094488188976378,
      "per_class_recall": [
        0.9565532222957528,
        0.45333333331822223,
        0.820828667404022,
        0.6766666666441111,
        0.5880398670900984
      ],
      "confusion_matrix": [
        [
          1321,
          6,
          53,
          0,
          1
        ],
        [
          81,
          136,
          69,
          8,
          6
        ],
        [
          118,
          12,
          733,
          13,
          17
        ],
        [
          0,
          15,
          48,
          203,
          34
        ],
        [
          3,
          12,
          68,
          41,
          177
        ]
      ]
    },
    "medical_optimized": {
      "accuracy": 0.15968503937007875,
      "per_class_recall": [
        0.0,
        0.26333333332455555,
        0.0,
        0.48666666665044445,
        0.9368770763808346
      ],
      "confusion_matrix": [
        [
          0,
          6,
          0,
          36,
          1339
        ],
        [
          0,
          79,
          0,
          26,
          195
        ],
        [
          0,
          8,
          0,
          108,
          777
        ],
        [
          0,
          5,
          0,
          146,
          149
        ],
        [
          0,
          3,
          0,
          16,
          282
        ]
      ]
    },
    "aggressive_minority_boost": {
      "accuracy": 0.3382677165354331,
      "per_class_recall": [
        0.0,
        0.18999999999366665,
        0.6741321388502337,
        0.47333333331755556,
        0.9069767441559143
      ],
      "confusion_matrix": [
        [
          0,
          4,
          997,
          1,
          379
        ],
        [
          0,
          57,
          135,
          28,
          80
        ],
        [
          0,
          1,
          602,
          27,
          263
        ],
        [
          0,
          4,
          13,
          142,
          141
        ],
        [
          0,
          1,
          12,
          15,
          273
        ]
      ]
    },
    "confidence_weighted": {
      "accuracy": 0.3593700787401575,
      "per_class_recall": [
        0.0,
        0.21666666665944445,
        0.759238521828004,
        0.4599999999846667,
        0.8637873753865851
      ],
      "confusion_matrix": [
        [
          0,
          3,
          978,
          2,
          398
        ],
        [
          0,
          65,
          147,
          24,
          64
        ],
        [
          0,
          1,
          678,
          28,
          186
        ],
        [
          0,
          5,
          23,
          138,
          134
        ],
        [
          0,
          2,
          24,
          15,
          260
        ]
      ]
    }
  }
}