{
  "final_accuracy": 0.8138582677165355,
  "medical_grade_achieved": false,
  "optimal_multiclass_threshold": 1.0,
  "per_class_accuracies": [
    0.9536567704561911,
    0.45666666666666667,
    0.8118701007838746,
    0.71,
    0.6378737541528239
  ],
  "improvement_from_original": 0.10455826771653542,
  "improvement_from_advanced": 0.002158267716535489,
  "per_class_f1_scores": {
    "class_0": 0.9133148404993066,
    "class_1": 0.5591836734693878,
    "class_2": 0.7876154263986963,
    "class_3": 0.7332185886402753,
    "class_4": 0.6931407942238267
  }
}