{
  "postprocessing_approach": true,
  "baseline_preserved": true,
  "baseline_accuracy": 0.8094488188976378,
  "best_strategy": "original",
  "best_accuracy": 0.8094488188976378,
  "improvement_over_baseline": 0.0,
  "medical_grade_achieved": false,
  "all_strategies": {
    "original": {
      "accuracy": 0.8094488188976378,
      "per_class_recall": [
        0.9565532222957528,
        0.45333333331822223,
        0.820828667404022,
        0.6766666666441111,
        0.5880398670900984
      ],
      "confusion_matrix": [
        [
          1321,
          6,
          53,
          0,
          1
        ],
        [
          81,
          136,
          69,
          8,
          6
        ],
        [
          118,
          12,
          733,
          13,
          17
        ],
        [
          0,
          15,
          48,
          203,
          34
        ],
        [
          3,
          12,
          68,
          41,
          177
        ]
      ]
    },
    "class1_targeted": {
      "accuracy": 0.8094488188976378,
      "per_class_recall": [
        0.9565532222957528,
        0.45333333331822223,
        0.820828667404022,
        0.6766666666441111,
        0.5880398670900984
      ],
      "confusion_matrix": [
        [
          1321,
          6,
          53,
          0,
          1
        ],
        [
          81,
          136,
          69,
          8,
          6
        ],
        [
          118,
          12,
          733,
          13,
          17
        ],
        [
          0,
          15,
          48,
          203,
          34
        ],
        [
          3,
          12,
          68,
          41,
          177
        ]
      ]
    },
    "confidence_based": {
      "accuracy": 0.8094488188976378,
      "per_class_recall": [
        0.9565532222957528,
        0.45333333331822223,
        0.820828667404022,
        0.6766666666441111,
        0.5880398670900984
      ],
      "confusion_matrix": [
        [
          1321,
          6,
          53,
          0,
          1
        ],
        [
          81,
          136,
          69,
          8,
          6
        ],
        [
          118,
          12,
          733,
          13,
          17
        ],
        [
          0,
          15,
          48,
          203,
          34
        ],
        [
          3,
          12,
          68,
          41,
          177
        ]
      ]
    },
    "medical_thresholds": {
      "accuracy": 0.8094488188976378,
      "per_class_recall": [
        0.9565532222957528,
        0.45333333331822223,
        0.820828667404022,
        0.6766666666441111,
        0.5880398670900984
      ],
      "confusion_matrix": [
        [
          1321,
          6,
          53,
          0,
          1
        ],
        [
          81,
          136,
          69,
          8,
          6
        ],
        [
          118,
          12,
          733,
          13,
          17
        ],
        [
          0,
          15,
          48,
          203,
          34
        ],
        [
          3,
          12,
          68,
          41,
          177
        ]
      ]
    },
    "smart_correction": {
      "accuracy": 0.8094488188976378,
      "per_class_recall": [
        0.9565532222957528,
        0.45333333331822223,
        0.820828667404022,
        0.6766666666441111,
        0.5880398670900984
      ],
      "confusion_matrix": [
        [
          1321,
          6,
          53,
          0,
          1
        ],
        [
          81,
          136,
          69,
          8,
          6
        ],
        [
          118,
          12,
          733,
          13,
          17
        ],
        [
          0,
          15,
          48,
          203,
          34
        ],
        [
          3,
          12,
          68,
          41,
          177
        ]
      ]
    }
  }
}