{
  "best_val_accuracy": 0.8205128205128206,
  "test_accuracy": 0.7992766726943942,
  "target_achieved": false,
  "medical_grade_pass": false,
  "confusion_matrix": [
    [
      267,
      3,
      1,
      0,
      0
    ],
    [
      12,
      31,
      13,
      0,
      0
    ],
    [
      2,
      19,
      113,
      11,
      6
    ],
    [
      0,
      1,
      7,
      14,
      8
    ],
    [
      1,
      3,
      17,
      7,
      17
    ]
  ],
  "model_name": "efficientnetb2",
  "target_accuracy": 0.92
}