{
  "optimal_weights": {
    "densenet": 0.3,
    "medsiglip": 0.25,
    "efficientnetb2": 0.45
  },
  "accuracy": 0.9093085106382979,
  "improvement_over_simple": 0.07978723404254984,
  "simple_averaging_accuracy": 0.9085106382978724,
  "granularity": 20
}