{
  "training_results": {
    "mobilenet_v2": {},
    "inception_v3": {
      "pair_0_1": {
        "best_accuracy": 85.22930315664085
      },
      "pair_0_2": {
        "best_accuracy": 78.4330985915493
      },
      "pair_0_3": {
        "best_accuracy": 94.58010720667063
      },
      "pair_0_4": {
        "best_accuracy": 94.2227516378797
      },
      "pair_1_2": {
        "best_accuracy": 78.25356842989085
      },
      "pair_1_3": {
        "best_accuracy": 80.43478260869566
      },
      "pair_1_4": {
        "best_accuracy": 81.77257525083613
      },
      "pair_2_3": {
        "best_accuracy": 86.64987405541562
      },
      "pair_2_4": {
        "best_accuracy": 82.03190596137699
      },
      "pair_3_4": {
        "best_accuracy": 71.90635451505017
      }
    },
    "densenet121": {
      "pair_0_1": {
        "best_accuracy": 87.13519952352591
      },
      "pair_0_2": {
        "best_accuracy": 80.80985915492958
      },
      "pair_0_3": {
        "best_accuracy": 96.72424061941632
      },
      "pair_0_4": {
        "best_accuracy": 96.42644431209052
      },
      "pair_1_2": {
        "best_accuracy": 80.26868178001679
      },
      "pair_1_3": {
        "best_accuracy": 81.77257525083613
      },
      "pair_1_4": {
        "best_accuracy": 83.27759197324414
      },
      "pair_2_3": {
        "best_accuracy": 88.83291351805205
      },
      "pair_2_4": {
        "best_accuracy": 85.05457598656591
      },
      "pair_3_4": {
        "best_accuracy": 74.91638795986623
      }
    }
  },
  "evaluation_results": {
    "ensemble_accuracy": 0.6532283464566929,
    "individual_accuracies": {
      "mobilenet_v2": 0.6362204724409449,
      "inception_v3": 0.6207874015748032,
      "densenet121": 0.654488188976378
    },
    "medical_grade_pass": false,
    "research_target_achieved": false,
    "classification_report": "              precision    recall  f1-score   support\n\n     Class_0       0.70      0.94      0.80      1381\n     Class_1       0.76      0.06      0.12       300\n     Class_2       0.57      0.60      0.58       893\n     Class_3       0.58      0.42      0.49       300\n     Class_4       0.67      0.32      0.44       301\n\n    accuracy                           0.65      3175\n   macro avg       0.66      0.47      0.49      3175\nweighted avg       0.66      0.65      0.61      3175\n",
    "confusion_matrix": [
      [
        1301,
        0,
        79,
        0,
        1
      ],
      [
        174,
        19,
        77,
        25,
        5
      ],
      [
        337,
        0,
        532,
        7,
        17
      ],
      [
        38,
        5,
        108,
        125,
        24
      ],
      [
        14,
        1,
        132,
        57,
        97
      ]
    ]
  },
  "dataset_info": {
    "class_counts": {
      "train": [
        6440,
        1401,
        4163,
        1401,
        1400
      ],
      "val": [
        1380,
        299,
        892,
        299,
        299
      ],
      "test": [
        1381,
        300,
        893,
        300,
        301
      ]
    },
    "num_classes": 5
  },
  "config": {
    "data": {
      "dataset_path": "./dataset6",
      "num_classes": 5,
      "img_size": 299,
      "batch_size": 32,
      "enable_clahe": false,
      "clahe_clip_limit": 3.0,
      "clahe_tile_grid_size": [
        8,
        8
      ]
    },
    "model": {
      "base_models": [
        "mobilenet_v2",
        "inception_v3",
        "densenet121"
      ],
      "freeze_weights": true,
      "dropout": 0.5,
      "num_classes": 5
    },
    "training": {
      "epochs": 25,
      "learning_rate": 0.0002,
      "weight_decay": 0.0001,
      "patience": 15,
      "enable_focal_loss": false,
      "enable_class_weights": true,
      "resume": true
    },
    "paths": {
      "output_dir": "./ovo_ensemble_results"
    },
    "system": {
      "device": "cuda",
      "seed": 42,
      "output_dir": "./ovo_ensemble_results",
      "experiment_name": "ovo_stable_no_transforms_issues",
      "target_accuracy": 0.9696,
      "use_wandb": true
    }
  }
}