{
  "ensemble_accuracy": 0.6532283464566929,
  "individual_accuracies": {
    "mobilenet_v2": 0.6362204724409449,
    "inception_v3": 0.6211023622047244,
    "densenet121": 0.654488188976378
  },
  "medical_grade_pass": false,
  "research_target_achieved": false,
  "confusion_matrix": [
    [
      1301,
      0,
      79,
      0,
      1
    ],
    [
      174,
      19,
      77,
      25,
      5
    ],
    [
      337,
      0,
      532,
      7,
      17
    ],
    [
      38,
      5,
      108,
      125,
      24
    ],
    [
      14,
      1,
      132,
      57,
      97
    ]
  ]
}