{
  "best_val_accuracy": 0.883021728145528,
  "test_accuracy": 0.8898936170212766,
  "target_achieved": true,
  "medical_grade_pass": false,
  "confusion_matrix": [
    [
      2544,
      2,
      35,
      0,
      0
    ],
    [
      1,
      237,
      0,
      3,
      9
    ],
    [
      235,
      0,
      294,
      0,
      0
    ],
    [
      3,
      10,
      0,
      129,
      58
    ],
    [
      0,
      17,
      0,
      41,
      142
    ]
  ],
  "model_name": "densenet121",
  "target_accuracy": 0.88
}