{
  "best_val_accuracy": 0.802788844621514,
  "test_accuracy": 0.7995444191343963,
  "target_achieved": false,
  "medical_grade_pass": false,
  "confusion_matrix": [
    [
      2520,
      0,
      60,
      0,
      1
    ],
    [
      228,
      0,
      16,
      0,
      0
    ],
    [
      271,
      0,
      225,
      30,
      3
    ],
    [
      10,
      0,
      42,
      35,
      0
    ],
    [
      14,
      0,
      18,
      11,
      28
    ]
  ],
  "model_name": "densenet121",
  "target_accuracy": 0.9
}